תאריך המבחן,סיכון נפילה,סך כל הצעדים,צעדים שגויים,זמן התחלה,זמן סיום,זמן בדיקה (שניות)
2025-06-09,0.0%,15,12,22:10:03,22:10:04,1
2025-05-15,0.0%,12,3,19:35:21,19:35:21,0
2025-05-15,1.9%,22,16,19:34:55,19:34:56,1
2025-05-15,0.0%,10,5,18:41:35,18:41:35,0
2025-05-15,0.0%,20,5,18:40:43,18:40:43,0
2025-05-15,0.0%,11,8,18:37:21,18:37:21,0
2025-05-15,0.0%,14,1,18:36:51,18:36:51,0
2025-05-15,1.3%,26,13,18:30:09,18:30:10,1
2025-05-15,0.0%,18,4,18:28:59,18:29:00,1
2025-05-15,0.1%,20,13,18:27:31,18:27:32,1
2025-05-15,0.0%,10,8,18:06:02,18:06:04,2
2025-05-15,0.0%,17,3,18:05:45,18:05:46,1
